Код раздела;Раздел;Код показателя;Название показателя;Единица измерения;Годы
1;Платные услуги населению;8401111;Объем платных услуг населению (без субъектов малого предпринимательства);Тысяча рублей;2019?2024
1;Платные услуги населению;8401101;Число объектов бытового обслуживания населения, оказывающих услуги;Единица;2009?2023
1;Платные услуги населению;8401102;Число приемных пунктов бытового обслуживания, принимающих заказы от населения на оказание услуг;Единица;2009?2023
2;Розничная торговля и общественное питание;8801004;Общий объем всех продовольственных товаров, реализованных в границах муниципального образования;Тысяча рублей;2020?2024
2;Розничная торговля и общественное питание;8401006;Оборот общественного питания (без субъектов малого предпринимательства);Тысяча рублей;2016?2025
2;Розничная торговля и общественное питание;8002008;Число торговых мест на ярмарках;Место;2015?2025
2;Розничная торговля и общественное питание;8002007;Число ярмарок;Единица;2013?2025
2;Розничная торговля и общественное питание;8401003;Оборот розничной торговли (без субъектов малого предпринимательства);Тысяча рублей;2010?2025
2;Розничная торговля и общественное питание;8002006;Число рынков;Единица;2009?2025
2;Розничная торговля и общественное питание;8201005;Общий объем всех продовольственных товаров, реализованных в границах городского округа, в денежном выражении за финансовый год;Тысяча рублей;2009?2023
2;Розничная торговля и общественное питание;8201004;Общий объем всех продовольственных товаров, реализованных в границах муниципального района, в денежном выражении за финансовый год;Тысяча рублей;2009?2020
2;Розничная торговля и общественное питание;8002005;Число торговых мест на рынках;Место;2006?2025
2;Розничная торговля и общественное питание;8002001;Количество объектов розничной торговли и общественного питания;Единица;2006?2024
2;Розничная торговля и общественное питание;8002002;Площадь торгового зала объектов розничной торговли;Квадратный метр;2006?2024
2;Розничная торговля и общественное питание;8002003;Площадь зала обслуживания посетителей в объектах общественного питания;Квадратный метр;2006?2024
2;Розничная торговля и общественное питание;8002004;Число мест в объектах общественного питания;Место;2006?2024
6;Территория;8406005;Протяженность мостов, путепроводов и эстакад, расположенных на автомобильных дорогах общего пользования местного значения;Погонный метр;2021?2024
6;Территория;8006010;Количество автозаправочных станций (АЗС), расположенных на автомобильных дорогах общего пользования местного значения;Единица;2013?2024
6;Территория;8006005;Протяженность автодорог общего пользования местного значения;Километр, тысяча метров;2006?2024
6;Территория;8006001;Общая площадь земель муниципального образования;Гектар;2006?2023
6;Территория;8006007;Общая протяженность улиц, проездов, набережных;Километр, тысяча метров;2006?2023
9;Инвестиции в основной капитал;8109013;Объем инвестиций в основной капитал (за исключнием бюджетных средств) в расчете на одного человека, (без средств на долевое строительство населения и организаций);Рубль;2010?2024
9;Инвестиции в основной капитал;8109001;Инвестиции в основной капитал, осуществляемые организациями, находящимися на территории муниципального образования (без субъектов малого предпринимательства);Тысяча рублей;2008?2023
9;Инвестиции в основной капитал;8109002;Инвестиции в основной капитал организаций муниципальной формы собственности;Тысяча рублей;2008?2023
9;Инвестиции в основной капитал;8009001;Инвестиции в основной капитал за счет средств местных бюджетов;Тысяча рублей;2006?2023
12;Социальная поддержка населения;8012005;Число семей, получавших субсидии на оплату жилого помещения и коммунальных услуг;Единица;2007?2025
13;Местный бюджет;8013001;Доходы местного бюджета, фактически исполненные;Тысяча рублей;2006?2020
13;Местный бюджет;8013002;Расходы местного бюджета, фактически исполненные;Тысяча рублей;2006?2020
16;Организация отдыха, развлечений и культуры;8016001;Число организаций культурно-досугового типа;Единица;2006?2017
19;Социальное обслуживание населения;8019008;Численность лиц, обслуживаемых отделениями социального обслуживания на дому граждан пожилого возраста и инвалидов;Человек;2006?2016
19;Социальное обслуживание населения;8019010;Численность лиц, обслуживаемых специализированными отделениями социально-медицинского обслуживания на дому граждан пожилого возраста и инвалидов;Человек;2006?2016
31;Население;8112025;Численность детей в возрасте 1-6 лет в муниципальном образовании;Человек;2010?2022
31;Население;8112030;Средний размер частного домохозяйства;Человек;2010?2012
31;Население;8112014;Численность всего населения по полу и возрасту на 1 января текущего года;Человек;2008?2024
31;Население;8112015;Численность городского населения по полу и возрасту на 1 января текущего года;Человек;2008?2024
31;Население;8112016;Численность сельского населения по полу и возрасту на 1 января текущего года;Человек;2008?2024
31;Население;8112001;Число умерших;Человек;2008?2023
31;Население;8112003;Число родившихся (без мертворожденных);Человек;2008?2023
31;Население;8112004;Естественный прирост (убыль);Человек;2008?2023
31;Население;8112021;Число прибывших;Человек;2008?2023
31;Население;8112022;Число выбывших;Человек;2008?2023
31;Население;8112027;Оценка численности населения на 1 января текущего года;Человек;2006?2025
31;Население;8112007;Общий коэффициент рождаемости;Промилле (0,1 процента);2006?2023
31;Население;8112008;Общий коэффициент смертности;Промилле (0,1 процента);2006?2023
31;Население;8112009;Общий коэффициент естественного прироста (убыли);Промилле (0,1 процента);2006?2023
31;Население;8112023;Миграционный прирост (убыль);Человек;2006?2023
32;Занятость и заработная плата;8423005;Среднесписочная численность работников организаций (без субъектов малого предпринимательства);Человек;2017?2025
32;Занятость и заработная плата;8423006;Фонд заработной платы всех работников организаций (без субъектов малого предпринимательства);Тысяча рублей;2017?2025
32;Занятость и заработная плата;8423007;Среднемесячная заработная плата работников организаций (без субъектов малого предпринимательства);Рубль;2017?2025
32;Занятость и заработная плата;8423015;Среднесписочная численность работников организаций муниципальной формы собственности;Человек;2017?2024
32;Занятость и заработная плата;8423016;Фонд заработной платы всех работников организаций муниципальной формы собственности;Тысяча рублей;2017?2024
32;Занятость и заработная плата;8423017;Среднемесячная заработная плата работников организаций муниципальной формы собственности;Рубль;2017?2024
32;Занятость и заработная плата;8423001;Просроченная задолженность по заработной плате работников организаций — всего (без субъектов малого предпринимательства);Тысяча рублей;2015?2025
32;Занятость и заработная плата;8423002;Просроченная задолженность по заработной плате из-за несвоевременного получения денежных средств из федерального бюджета (без субъектов малого предпринимательства);Тысяча рублей;2015?2025
32;Занятость и заработная плата;8423003;Просроченная задолженность по заработной плате из-за несвоевременного получения денежных средств из бюджетов субъектов (без субъектов малого предпринимательства);Тысяча рублей;2015?2025
32;Занятость и заработная плата;8423004;Просроченная задолженность по заработной плате из-за несвоевременного получения денежных средств из местных бюджетов (без субъектов малого предпринимательства);Тысяча рублей;2015?2025
32;Занятость и заработная плата;8122002;Численность лиц, замещающих муниципальные должности и должности муниципальной службы, получивших дополнительное профессиональное образование;Человек;2008?2022
32;Занятость и заработная плата;8123008;Численность работников органов местного самоуправления на конец отчетного года;Человек;2008?2022
32;Занятость и заработная плата;8123009;Численность муниципальных служащих на конец отчетного года;Человек;2008?2022
32;Занятость и заработная плата;8123010;Среднемесячная начисленная заработная плата в среднем на одного работника органов местного самоуправления (без выплат социального характера);Рубль;2008?2022
32;Занятость и заработная плата;8123011;Среднемесячная начисленная заработная плата в среднем на одного муниципального служащего (без выплат социального характера);Рубль;2008?2022
34;Образование;9010016;Всего зданий (помещений) дошкольных образовательных организаций;Единица;2024
34;Образование;9010017;Число дошкольных образовательных организации, занимающих здания полностью;Единица;2024
34;Образование;9010019;Общая площадь зданий (помещений), занимаемых дошкольными образовательными организациями;Квадратный метр;2024
34;Образование;9010028;Число зданий организаций дополнительного образования детей;Единица;2024
34;Образование;8014002;Число мест в организациях, осуществляющих образовательную деятельность по образовательным программам дошкольного образования, присмотр и уход за детьми;Единица;2006?2024
34;Образование;8014003;Численность воспитанников, посещающих организации, осуществляющие образовательную деятельность по образовательным программам дошкольного образования, присмотр и уход за детьми;Человек;2006?2024
34;Образование;8014001;Число организаций, осуществляющих образовательную деятельность по образовательным программам дошкольного образования, присмотр и уход за детьми;Единица;2006?2019
34;Образование;8015001;Число общеобразовательных организаций на начало учебного года;Единица;2006?2017
34;Образование;8015002;Численность обучающихся общеобразовательных организаций с учетом обособленных подразделений (филиалов);Человек;2006?2017
37;Строительство жилья;8010003;Введено жилья в многоквартирных жилых домах;Квадратный метр общей площади;2024
37;Строительство жилья;8011011;Число семей, состоящих на учете в качестве нуждающихся в жилых помещениях;Единица;2008?2024
37;Строительство жилья;8010001;Введено в действие жилых домов;Квадратный метр общей площади;2006?2024
37;Строительство жилья;8010002;Введено в действие индивидуальных жилых домов;Квадратный метр общей площади;2006?2024
39;Деятельность предприятий;9010002;Количество организаций по данным государственной регистрации;Единица;2024?2025
39;Деятельность предприятий;9010003;Количество индивидуальных предпринимателей по данным государственной регистрации;Человек;2023?2025
39;Деятельность предприятий;8401008;Отгружено товаров собственного производства, выполнено работ и услуг собственными силами (без субъектов малого предпринимательства), средняя численность работников которых превышает 15 человек, по фактическим видам экономической деятельности;Тысяча рублей;2017?2025
39;Деятельность предприятий;8401012;Продано товаров несобственного производства (без субъектов малого предпринимательства);Тысяча рублей;2017?2025
39;Деятельность предприятий;8401011;Отгружено товаров собственного производства, выполнено работ и услуг собственными силами (без субъектов малого предпринимательства);Тысяча рублей;2016?2025
42;Финансовая деятельность;9010005;Себестоимость проданных товаров, продукции, работ, услуг;Тысяча рублей;2024
42;Финансовая деятельность;9010006;Коммерческие и управленческие расходы;Тысяча рублей;2024
42;Финансовая деятельность;9010007;Прибыль (убыток) от продаж;Тысяча рублей;2024
42;Финансовая деятельность;8942001;Прибыль (убыток) до налогообложения отчётного года;Тысяча рублей;2017?2024
42;Финансовая деятельность;8942002;Прибыль (убыток) до налогообложения прошлого года (по уточненным данным);Тысяча рублей;2017?2024
42;Финансовая деятельность;8942003;Дебиторская задолженность;Тысяча рублей;2017?2024
42;Финансовая деятельность;8942004;Задолженность покупателей и заказчиков за товары, работы и услуги из общей суммы дебиторской задолженности;Тысяча рублей;2017?2024
42;Финансовая деятельность;8942005;Кредиторская задолженность;Тысяча рублей;2017?2024
42;Финансовая деятельность;8942009;Задолженность по полученным займам и кредитам;Тысяча рублей;2017?2024
42;Финансовая деятельность;8942010;Количество организаций представивших отчет;Единица;2017?2024
42;Финансовая деятельность;8942011;Количество убыточных организаций;Единица;2017?2024
42;Финансовая деятельность;8942013;Количество прибыльных организаций;Единица;2017?2024
42;Финансовая деятельность;8942015;Финансовый результат убыточных организаций;Тысяча рублей;2017?2024
42;Финансовая деятельность;8942016;Финансовый результат прибыльных организаций;Тысяча рублей;2017?2024
42;Финансовая деятельность;8942017;Удельный вес убыточных организаций в общем числе организаций;Процент;2017?2024
42;Финансовая деятельность;8942018;Удельный вес прибыльных организаций в общем числе организаций;Процент;2017?2024
46;Бухгалтерская отчетность;7000005;Выручка (нетто) от продажи товаров, продукции, работ, услуг (за минусом налога на добавленную стоимость, акцизов и иных аналогичных обязательных платежей) по данным бухгалтерской отчетности;Тысяча рублей;2021?2023
46;Бухгалтерская отчетность;8090001;Количество хозяйствующих субъектов по данным бухгалтерской отчетности;Единица;2019?2023
46;Бухгалтерская отчетность;8090002;Прибыль (убыток) до налогообложения по данным бухгалтерской отчетности;Тысяча рублей;2019?2023
46;Бухгалтерская отчетность;8090003;Количество убыточных организаций по данным бухгалтерской отчетности;Единица;2019?2023
46;Бухгалтерская отчетность;8090004;Количество прибыльных организаций по данным бухгалтерской отчетности;Единица;2019?2023
46;Бухгалтерская отчетность;8090006;Финансовый результат прибыльных организаций по данным бухгалтерской отчетности;Тысяча рублей;2019?2023
46;Бухгалтерская отчетность;8090007;Удельный вес убыточных организаций в общем числе организаций по данным бухгалтерской отчетности;Процент;2019?2023
46;Бухгалтерская отчетность;8090008;Удельный вес прибыльных организаций в общем числе организаций по данным бухгалтерской отчетности;Процент;2019?2023
46;Бухгалтерская отчетность;8090005;Финансовый результат убыточных организаций по данным бухгалтерской отчетности;Тысяча рублей;2018?2023
